countryName,xLoc,yLoc,population
Australia,1250.04375,463.45,6.663360193086946
United States of America,331.48125000000005,205.97777777777776,27.34243484651459
